{
  "name": "Fire_FreeRTOS",
  "type": "ARM",
  "dependenceList": [],
  "srcDirs": [],
  "virtualFolder": {
    "name": "<virtual_root>",
    "files": [],
    "folders": [
      {
        "name": "STARTUP",
        "files": [
          {
            "path": "../../Libraries/CMSIS/startup/startup_stm32f10x_md.s"
          }
        ],
        "folders": []
      },
      {
        "name": "CMSIS",
        "files": [
          {
            "path": "../../Libraries/CMSIS/core_cm3.c"
          },
          {
            "path": "../../Libraries/CMSIS/core_cm3.h"
          },
          {
            "path": "../../Libraries/CMSIS/stm32f10x.h"
          },
          {
            "path": "../../Libraries/CMSIS/system_stm32f10x.c"
          },
          {
            "path": "../../Libraries/CMSIS/system_stm32f10x.h"
          }
        ],
        "folders": []
      },
      {
        "name": "FWLB",
        "files": [
          {
            "path": "../../Libraries/FWlib/src/misc.c"
          },
          {
            "path": "../../Libraries/FWlib/src/stm32f10x_adc.c"
          },
          {
            "path": "../../Libraries/FWlib/src/stm32f10x_bkp.c"
          },
          {
            "path": "../../Libraries/FWlib/src/stm32f10x_can.c"
          },
          {
            "path": "../../Libraries/FWlib/src/stm32f10x_cec.c"
          },
          {
            "path": "../../Libraries/FWlib/src/stm32f10x_crc.c"
          },
          {
            "path": "../../Libraries/FWlib/src/stm32f10x_dac.c"
          },
          {
            "path": "../../Libraries/FWlib/src/stm32f10x_dbgmcu.c"
          },
          {
            "path": "../../Libraries/FWlib/src/stm32f10x_dma.c"
          },
          {
            "path": "../../Libraries/FWlib/src/stm32f10x_exti.c"
          },
          {
            "path": "../../Libraries/FWlib/src/stm32f10x_flash.c"
          },
          {
            "path": "../../Libraries/FWlib/src/stm32f10x_fsmc.c"
          },
          {
            "path": "../../Libraries/FWlib/src/stm32f10x_gpio.c"
          },
          {
            "path": "../../Libraries/FWlib/src/stm32f10x_i2c.c"
          },
          {
            "path": "../../Libraries/FWlib/src/stm32f10x_iwdg.c"
          },
          {
            "path": "../../Libraries/FWlib/src/stm32f10x_pwr.c"
          },
          {
            "path": "../../Libraries/FWlib/src/stm32f10x_rcc.c"
          },
          {
            "path": "../../Libraries/FWlib/src/stm32f10x_rtc.c"
          },
          {
            "path": "../../Libraries/FWlib/src/stm32f10x_sdio.c"
          },
          {
            "path": "../../Libraries/FWlib/src/stm32f10x_spi.c"
          },
          {
            "path": "../../Libraries/FWlib/src/stm32f10x_tim.c"
          },
          {
            "path": "../../Libraries/FWlib/src/stm32f10x_usart.c"
          },
          {
            "path": "../../Libraries/FWlib/src/stm32f10x_wwdg.c"
          }
        ],
        "folders": []
      },
      {
        "name": "USER",
        "files": [
          {
            "path": "../../User/main.c"
          },
          {
            "path": "../../User/stm32f10x_conf.h"
          },
          {
            "path": "../../User/stm32f10x_it.c"
          },
          {
            "path": "../../User/stm32f10x_it.h"
          },
          {
            "path": "../../User/Led/bsp_led.c"
          },
          {
            "path": "../../User/FreeRTOSConfig.h"
          },
          {
            "path": "../../User/uart/bsp_usart.c"
          },
          {
            "path": "../../User/key/bsp_key.c"
          }
        ],
        "folders": []
      },
      {
        "name": "FreeRTOS",
        "files": [],
        "folders": [
          {
            "name": "src",
            "files": [
              {
                "path": "../../FreeRTOS/src/croutine.c"
              },
              {
                "path": "../../FreeRTOS/src/event_groups.c"
              },
              {
                "path": "../../FreeRTOS/src/list.c"
              },
              {
                "path": "../../FreeRTOS/src/queue.c"
              },
              {
                "path": "../../FreeRTOS/src/tasks.c"
              },
              {
                "path": "../../FreeRTOS/src/timers.c"
              }
            ],
            "folders": []
          },
          {
            "name": "port",
            "files": [
              {
                "path": "../../FreeRTOS/port/MemMang/heap_4.c"
              },
              {
                "path": "../../FreeRTOS/port/RVDS/ARM_CM3/port.c"
              }
            ],
            "folders": []
          }
        ]
      },
      {
        "name": "DOC",
        "files": [],
        "folders": []
      },
      {
        "name": "HARD",
        "files": [
          {
            "path": "../../HardWare/BlueTooth.c"
          },
          {
            "path": "../../HardWare/Delay.c"
          },
          {
            "path": "../../HardWare/Face_Config.c"
          },
          {
            "path": "../../HardWare/OLED.c"
          },
          {
            "path": "../../HardWare/OLED_Data.c"
          },
          {
            "path": "../../HardWare/PetAction.c"
          },
          {
            "path": "../../HardWare/PWM.c"
          },
          {
            "path": "../../HardWare/Servo.c"
          }
        ],
        "folders": []
      }
    ]
  },
  "outDir": "build",
  "deviceName": null,
  "packDir": null,
  "miscInfo": {
    "uid": "efdb2f1c5ab4fd8844ee49a63e639ee1"
  },
  "targets": {
    "Fire_FreeRTOS": {
      "excludeList": [],
      "toolchain": "AC5",
      "compileConfig": {
        "cpuType": "Cortex-M3",
        "floatingPointHardware": "none",
        "scatterFilePath": "../../../../stm32-ram.sct",
        "useCustomScatterFile": false,
        "storageLayout": {
          "RAM": [
            {
              "tag": "RAM",
              "id": 1,
              "mem": {
                "startAddr": "0x0",
                "size": "0x0"
              },
              "isChecked": false,
              "noInit": false
            },
            {
              "tag": "RAM",
              "id": 2,
              "mem": {
                "startAddr": "0x0",
                "size": "0x0"
              },
              "isChecked": false,
              "noInit": false
            },
            {
              "tag": "RAM",
              "id": 3,
              "mem": {
                "startAddr": "0x0",
                "size": "0x0"
              },
              "isChecked": false,
              "noInit": false
            },
            {
              "tag": "IRAM",
              "id": 1,
              "mem": {
                "startAddr": "0x20000000",
                "size": "0x5000"
              },
              "isChecked": true,
              "noInit": false
            },
            {
              "tag": "IRAM",
              "id": 2,
              "mem": {
                "startAddr": "0x0",
                "size": "0x0"
              },
              "isChecked": false,
              "noInit": false
            }
          ],
          "ROM": [
            {
              "tag": "ROM",
              "id": 1,
              "mem": {
                "startAddr": "0x0",
                "size": "0x0"
              },
              "isChecked": false,
              "isStartup": false
            },
            {
              "tag": "ROM",
              "id": 2,
              "mem": {
                "startAddr": "0x0",
                "size": "0x0"
              },
              "isChecked": false,
              "isStartup": false
            },
            {
              "tag": "ROM",
              "id": 3,
              "mem": {
                "startAddr": "0x0",
                "size": "0x0"
              },
              "isChecked": false,
              "isStartup": false
            },
            {
              "tag": "IROM",
              "id": 1,
              "mem": {
                "startAddr": "0x8000000",
                "size": "0x10000"
              },
              "isChecked": true,
              "isStartup": true
            },
            {
              "tag": "IROM",
              "id": 2,
              "mem": {
                "startAddr": "0x0",
                "size": "0x0"
              },
              "isChecked": false,
              "isStartup": false
            }
          ]
        },
        "options": "null"
      },
      "uploader": "OpenOCD",
      "uploadConfig": {
        "bin": "",
        "target": "stm32f1x",
        "interface": "stlink-dap",
        "baseAddr": "0x08000000"
      },
      "uploadConfigMap": {
        "JLink": {
          "bin": "",
          "baseAddr": "",
          "cpuInfo": {
            "vendor": "null",
            "cpuName": "null"
          },
          "proType": 1,
          "speed": 8000,
          "otherCmds": ""
        }
      },
      "custom_dep": {
        "name": "default",
        "incList": [
          "../../Libraries/CMSIS",
          "../../User",
          "../../Libraries/FWlib/inc",
          "../../User/led",
          "../../FreeRTOS/include",
          "../../FreeRTOS/port/RVDS/ARM_CM3",
          "../../User/key",
          "../../User/uart",
          "../../HardWare",
          ".cmsis/include",
          "RTE/_Fire_FreeRTOS"
        ],
        "libList": [],
        "defineList": [
          "STM32F10X_MD",
          "USE_STDPERIPH_DRIVER"
        ]
      },
      "builderOptions": {
        "AC5": {
          "version": 4,
          "beforeBuildTasks": [],
          "afterBuildTasks": [],
          "global": {
            "use-microLIB": true,
            "output-debug-info": "enable"
          },
          "c/cpp-compiler": {
            "optimization": "level-2",
            "one-elf-section-per-function": true,
            "c99-mode": true,
            "C_FLAGS": "--diag_suppress=1 --diag_suppress=1295",
            "CXX_FLAGS": "--diag_suppress=1 --diag_suppress=1295",
            "warnings": "unspecified"
          },
          "asm-compiler": {},
          "linker": {
            "output-format": "elf",
            "xo-base": "",
            "ro-base": "0x08000000",
            "rw-base": "0x20000000"
          }
        }
      }
    }
  },
  "version": "3.5"
}